Workbook

Sheet Checklist
A1: ID | B1: Fase | C1: API / Item | D1: O que verificar | E1: Arquivo provável | F1: Ambiente | G1: Status | H1: Data | I1: Responsável | J1: Observações
A2: 1 | B2: 0 - Preparação | C2: SITL do ArduCopter | D2: Rodando em tcp:127.0.0.1:5760 | E2: — | F2: SITL | G2: Pendente
A3: 2 | B3: 0 - Preparação | C3: GCS em paralelo | D3: QGC/MAVProxy conectado para comparar o que a lib diz com o que o FC faz | E3: — | F3: Ambos | G3: Pendente
A4: 3 | B4: 0 - Preparação | C4: Itens só de hardware | D4: Anotar o que só valida em hardware: serial, rangefinder, voo sem GPS/VIO, servo, landing target | E4: — | F4: Hardware | G4: Pendente
A5: 4 | B5: 1 - Ciclo de vida e conexão | C5: SkyMAVLink(endpoint, takeoff_altitude) | D5: Abre a conexão sem esperar o FC e sem armar | E5: core.py | F5: Ambos | G5: Pendente
A6: 5 | B6: 1 - Ciclo de vida e conexão | C6: wait_for_connection(timeout) | D6: Sucesso e TimeoutError (endpoint errado ou FC desligado) | E6: core.py | F6: Ambos | G6: Pendente
A7: 6 | B7: 1 - Ciclo de vida e conexão | C7: wait_ready(timeout, require_gps) | D7: Com GPS e com require_gps=False; a mensagem de timeout traz modo, fix, satélites e posição global | E7: core.py | F7: Ambos | G7: Pendente
A8: 7 | B8: 1 - Ciclo de vida e conexão | C8: request_streams(rate_hz) | D8: Reiniciar o FC e conferir que os dados voltam; testar rate_hz < 1 | E8: core.py | F8: Ambos | G8: Pendente
A9: 8 | B9: 1 - Ciclo de vida e conexão | C9: sleep(seconds) | D9: Worker continua recebendo telemetria durante a espera; valor negativo | E9: core.py | F9: Ambos | G9: Pendente
A10: 9 | B10: 1 - Ciclo de vida e conexão | C10: wait_until(predicate, timeout, description) | D10: Sucesso e timeout | E10: core.py | F10: Ambos | G10: Pendente
A11: 10 | B11: 1 - Ciclo de vida e conexão | C11: get_logger() | D11: Retorna o logger da lib e escreve na mesma configuração | E11: core.py | F11: Ambos | G11: Pendente
A12: 11 | B12: 1 - Ciclo de vida e conexão | C12: shutdown() | D12: Idempotente; não pousa nem desarma; chamadas depois dão RuntimeError | E12: core.py | F12: Ambos | G12: Pendente
A13: 12 | B13: 1 - Ciclo de vida e conexão | C13: Context manager (with) | D13: Chama shutdown() mesmo quando há exceção | E13: core.py | F13: Ambos | G13: Pendente
... A98: 97 | B98: Armadilhas da doc | C98: Unidades | D98: get_attitude() devolve radianos; o resto usa graus | E98: — | F98: Ambos | G98: Pendente

Sheet Resumo
A1: Fase | B1: Total | C1: OK | D1: Falhou | E1: Em teste | F1: Pendente | G1: N/A | H1: % concluído
A2: 0 - Preparação | B2: =COUNTIF(Checklist!$B$2:$B$98,$A2) -> 3 | C2: =COUNTIFS(Checklist!$B$2:$B$98,$A2,Checklist!$G$2:$G$98,"OK") -> 0 | D2: =COUNTIFS(Checklist!$B$2:$B$98,$A2,Checklist!$G$2:$G$98,"Falhou") -> 0 | E2: =COUNTIFS(Checklist!$B$2:$B$98,$A2,Checklist!$G$2:$G$98,"Em teste") -> 0 | F2: =COUNTIFS(Checklist!$B$2:$B$98,$A2,Checklist!$G$2:$G$98,"Pendente") -> 3 | G2: =COUNTIFS(Checklist!$B$2:$B$98,$A2,Checklist!$G$2:$G$98,"N/A") -> 0 | H2: =IFERROR(C2/(B2-G2),0) -> 0
A3: 1 - Ciclo de vida e conexão | B3: =COUNTIF(Checklist!$B$2:$B$98,$A3) -> 10 | C3: =COUNTIFS(Checklist!$B$2:$B$98,$A3,Checklist!$G$2:$G$98,"OK") -> 0 | D3: =COUNTIFS(Checklist!$B$2:$B$98,$A3,Checklist!$G$2:$G$98,"Falhou") -> 0 | E3: =COUNTIFS(Checklist!$B$2:$B$98,$A3,Checklist!$G$2:$G$98,"Em teste") -> 0 | F3: =COUNTIFS(Checklist!$B$2:$B$98,$A3,Checklist!$G$2:$G$98,"Pendente") -> 10 | G3: =COUNTIFS(Checklist!$B$2:$B$98,$A3,Checklist!$G$2:$G$98,"N/A") -> 0 | H3: =IFERROR(C3/(B3-G3),0) -> 0
A4: 2 - Getters (só leitura) | B4: =COUNTIF(Checklist!$B$2:$B$98,$A4) -> 19 | C4: =COUNTIFS(Checklist!$B$2:$B$98,$A4,Checklist!$G$2:$G$98,"OK") -> 0 | D4: =COUNTIFS(Checklist!$B$2:$B$98,$A4,Checklist!$G$2:$G$98,"Falhou") -> 0 | E4: =COUNTIFS(Checklist!$B$2:$B$98,$A4,Checklist!$G$2:$G$98,"Em teste") -> 0 | F4: =COUNTIFS(Checklist!$B$2:$B$98,$A4,Checklist!$G$2:$G$98,"Pendente") -> 19 | G4: =COUNTIFS(Checklist!$B$2:$B$98,$A4,Checklist!$G$2:$G$98,"N/A") -> 0 | H4: =IFERROR(C4/(B4-G4),0) -> 0
A5: 3 - Parâmetros e comandos de baixo nível | B5: =COUNTIF(Checklist!$B$2:$B$98,$A5) -> 9 | C5: =COUNTIFS(Checklist!$B$2:$B$98,$A5,Checklist!$G$2:$G$98,"OK") -> 0 | D5: =COUNTIFS(Checklist!$B$2:$B$98,$A5,Checklist!$G$2:$G$98,"Falhou") -> 0 | E5: =COUNTIFS(Checklist!$B$2:$B$98,$A5,Checklist!$G$2:$G$98,"Em teste") -> 0 | F5: =COUNTIFS(Checklist!$B$2:$B$98,$A5,Checklist!$G$2:$G$98,"Pendente") -> 9 | G5: =COUNTIFS(Checklist!$B$2:$B$98,$A5,Checklist!$G$2:$G$98,"N/A") -> 0 | H5: =IFERROR(C5/(B5-G5),0) -> 0
A6: 4 - Estado no chão | B6: =COUNTIF(Checklist!$B$2:$B$98,$A6) -> 3 | C6: =COUNTIFS(Checklist!$B$2:$B$98,$A6,Checklist!$G$2:$G$98,"OK") -> 0 | D6: =COUNTIFS(Checklist!$B$2:$B$98,$A6,Checklist!$G$2:$G$98,"Falhou") -> 0 | E6: =COUNTIFS(Checklist!$B$2:$B$98,$A6,Checklist!$G$2:$G$98,"Em teste") -> 0 | F6: =COUNTIFS(Checklist!$B$2:$B$98,$A6,Checklist!$G$2:$G$98,"Pendente") -> 3 | G6: =COUNTIFS(Checklist!$B$2:$B$98,$A6,Checklist!$G$2:$G$98,"N/A") -> 0 | H6: =IFERROR(C6/(B6-G6),0) -> 0
A7: 5 - Voo básico (SITL) | B7: =COUNTIF(Checklist!$B$2:$B$98,$A7) -> 7 | C7: =COUNTIFS(Checklist!$B$2:$B$98,$A7,Checklist!$G$2:$G$98,"OK") -> 0 | D7: =COUNTIFS(Checklist!$B$2:$B$98,$A7,Checklist!$G$2:$G$98,"Falhou") -> 0 | E7: =COUNTIFS(Checklist!$B$2:$B$98,$A7,Checklist!$G$2:$G$98,"Em teste") -> 0 | F7: =COUNTIFS(Checklist!$B$2:$B$98,$A7,Checklist!$G$2:$G$98,"Pendente") -> 7 | G7: =COUNTIFS(Checklist!$B$2:$B$98,$A7,Checklist!$G$2:$G$98,"N/A") -> 0 | H7: =IFERROR(C7/(B7-G7),0) -> 0
A8: 6 - Setpoints não bloqueantes | B8: =COUNTIF(Checklist!$B$2:$B$98,$A8) -> 9 | C8: =COUNTIFS(Checklist!$B$2:$B$98,$A8,Checklist!$G$2:$G$98,"OK") -> 0 | D8: =COUNTIFS(Checklist!$B$2:$B$98,$A8,Checklist!$G$2:$G$98,"Falhou") -> 0 | E8: =COUNTIFS(Checklist!$B$2:$B$98,$A8,Checklist!$G$2:$G$98,"Em teste") -> 0 | F8: =COUNTIFS(Checklist!$B$2:$B$98,$A8,Checklist!$G$2:$G$98,"Pendente") -> 9 | G8: =COUNTIFS(Checklist!$B$2:$B$98,$A8,Checklist!$G$2:$G$98,"N/A") -> 0 | H8: =IFERROR(C8/(B8-G8),0) -> 0
A9: 7 - Navegação bloqueante | B9: =COUNTIF(Checklist!$B$2:$B$98,$A9) -> 7 | C9: =COUNTIFS(Checklist!$B$2:$B$98,$A9,Checklist!$G$2:$G$98,"OK") -> 0 | D9: =COUNTIFS(Checklist!$B$2:$B$98,$A9,Checklist!$G$2:$G$98,"Falhou") -> 0 | E9: =COUNTIFS(Checklist!$B$2:$B$98,$A9,Checklist!$G$2:$G$98,"Em teste") -> 0 | F9: =COUNTIFS(Checklist!$B$2:$B$98,$A9,Checklist!$G$2:$G$98,"Pendente") -> 7 | G9: =COUNTIFS(Checklist!$B$2:$B$98,$A9,Checklist!$G$2:$G$98,"N/A") -> 0 | H9: =IFERROR(C9/(B9-G9),0) -> 0
A10: 8 - Missões da companion | B10: =COUNTIF(Checklist!$B$2:$B$98,$A10) -> 4 | C10: =COUNTIFS(Checklist!$B$2:$B$98,$A10,Checklist!$G$2:$G$98,"OK") -> 0 | D10: =COUNTIFS(Checklist!$B$2:$B$98,$A10,Checklist!$G$2:$G$98,"Falhou") -> 0 | E10: =COUNTIFS(Checklist!$B$2:$B$98,$A10,Checklist!$G$2:$G$98,"Em teste") -> 0 | F10: =COUNTIFS(Checklist!$B$2:$B$98,$A10,Checklist!$G$2:$G$98,"Pendente") -> 4 | G10: =COUNTIFS(Checklist!$B$2:$B$98,$A10,Checklist!$G$2:$G$98,"N/A") -> 0 | H10: =IFERROR(C10/(B10-G10),0) -> 0
A11: 9 - Missões AUTO (no FC) | B11: =COUNTIF(Checklist!$B$2:$B$98,$A11) -> 9 | C11: =COUNTIFS(Checklist!$B$2:$B$98,$A11,Checklist!$G$2:$G$98,"OK") -> 0 | D11: =COUNTIFS(Checklist!$B$2:$B$98,$A11,Checklist!$G$2:$G$98,"Falhou") -> 0 | E11: =COUNTIFS(Checklist!$B$2:$B$98,$A11,Checklist!$G$2:$G$98,"Em teste") -> 0 | F11: =COUNTIFS(Checklist!$B$2:$B$98,$A11,Checklist!$G$2:$G$98,"Pendente") -> 9 | G11: =COUNTIFS(Checklist!$B$2:$B$98,$A11,Checklist!$G$2:$G$98,"N/A") -> 0 | H11: =IFERROR(C11/(B11-G11),0) -> 0
A12: 10 - Avançadas | B12: =COUNTIF(Checklist!$B$2:$B$98,$A12) -> 5 | C12: =COUNTIFS(Checklist!$B$2:$B$98,$A12,Checklist!$G$2:$G$98,"OK") -> 0 | D12: =COUNTIFS(Checklist!$B$2:$B$98,$A12,Checklist!$G$2:$G$98,"Falhou") -> 0 | E12: =COUNTIFS(Checklist!$B$2:$B$98,$A12,Checklist!$G$2:$G$98,"Em teste") -> 0 | F12: =COUNTIFS(Checklist!$B$2:$B$98,$A12,Checklist!$G$2:$G$98,"Pendente") -> 5 | G12: =COUNTIFS(Checklist!$B$2:$B$98,$A12,Checklist!$G$2:$G$98,"N/A") -> 0 | H12: =IFERROR(C12/(B12-G12),0) -> 0
A13: 11 - Robustez | B13: =COUNTIF(Checklist!$B$2:$B$98,$A13) -> 4 | C13: =COUNTIFS(Checklist!$B$2:$B$98,$A13,Checklist!$G$2:$G$98,"OK") -> 0 | D13: =COUNTIFS(Checklist!$B$2:$B$98,$A13,Checklist!$G$2:$G$98,"Falhou") -> 0 | E13: =COUNTIFS(Checklist!$B$2:$B$98,$A13,Checklist!$G$2:$G$98,"Em teste") -> 0 | F13: =COUNTIFS(Checklist!$B$2:$B$98,$A13,Checklist!$G$2:$G$98,"Pendente") -> 4 | G13: =COUNTIFS(Checklist!$B$2:$B$98,$A13,Checklist!$G$2:$G$98,"N/A") -> 0 | H13: =IFERROR(C13/(B13-G13),0) -> 0
... A15: Armadilhas da doc | B15: =COUNTIF(Checklist!$B$2:$B$98,$A15) -> 4 | C15: =COUNTIFS(Checklist!$B$2:$B$98,$A15,Checklist!$G$2:$G$98,"OK") -> 0 | D15: =COUNTIFS(Checklist!$B$2:$B$98,$A15,Checklist!$G$2:$G$98,"Falhou") -> 0 | E15: =COUNTIFS(Checklist!$B$2:$B$98,$A15,Checklist!$G$2:$G$98,"Em teste") -> 0 | F15: =COUNTIFS(Checklist!$B$2:$B$98,$A15,Checklist!$G$2:$G$98,"Pendente") -> 4 | G15: =COUNTIFS(Checklist!$B$2:$B$98,$A15,Checklist!$G$2:$G$98,"N/A") -> 0 | H15: =IFERROR(C15/(B15-G15),0) -> 0
A16: TOTAL | B16: =SUM(B2:B15) -> 97 | C16: =SUM(C2:C15) -> 0 | D16: =SUM(D2:D15) -> 0 | E16: =SUM(E2:E15) -> 0 | F16: =SUM(F2:F15) -> 97 | G16: =SUM(G2:G15) -> 0 | H16: =IFERROR(C16/(B16-G16),0) -> 0
A18: % concluído = OK ÷ (Total − N/A). Os números atualizam sozinhos conforme a coluna Status da aba Checklist.

Sheet Legenda
A1: Como usar
A2: Edite apenas | B2: Colunas Status, Data, Responsável e Observações (G a J) da aba Checklist.
A3: Status | B3: Pendente (padrão) · Em teste · OK · Falhou · N/A. Escolha pela lista suspensa.
A4: Ambiente | B4: SITL, Hardware ou Ambos. Itens marcados Hardware só validam no drone real.
A5: Ordem | B5: Siga as fases de cima para baixo: cada uma depende da anterior. Se a Fase 1 falha, não vale testar o resto.
A6: Arquivo provável | B6: Onde mexer se o item falhar, segundo o doc de arquitetura. Itens com '?' são inferência: confirme com grep antes.
A7: Resumo | B7: A aba Resumo é calculada por fórmulas a partir da coluna Status; não edite à mão.
A9: Exemplo de linha preenchida
A10: Status | B10: Falhou
A11: Data | B11: 14/10/2026
A12: Responsável | B12: Maria
A13: Observações | B13: takeoff(2.5) deu TimeoutError com só 1.1 m alcançados; conferir recent_statustexts() e a posição local.
A15: Fonte | B15: Plano de testes montado a partir do API reference e do doc de arquitetura da SkyMAVLink fornecidos na conversa.
